match_id,queue_id,queue_name,blue_win,red_win,game_duration,game_creation,patch_version,avg_blue_mmr,avg_red_mmr,mmr_difference,blue_mmr_std,red_mmr_std,avg_tier
NA1_5416451866,420,Ranked Solo/Duo,True,False,1778,1763519386134,"['15', '22']",,,,,,
NA1_5386048016,420,Ranked Solo/Duo,False,True,2109,1759644443249,"['15', '19']",,,,,,
NA1_5318932450,420,Ranked Solo/Duo,False,True,990,1751591583082,"['15', '13']",,,,,,
NA1_5423997786,420,Ranked Solo/Duo,False,True,1073,1764397552140,"['15', '23']",,,,,,
NA1_5321736994,420,Ranked Solo/Duo,False,True,1718,1751998590794,"['15', '13']",,,,,,
NA1_5271377244,420,Ranked Solo/Duo,True,False,1529,1745194584886,"['15', '8']",,,,,,
NA1_5278156346,420,Ranked Solo/Duo,False,True,1661,1746079317617,"['15', '9']",,,,,,
NA1_5421444957,420,Ranked Solo/Duo,False,True,1589,1764097569751,"['15', '23']",,,,,,
NA1_5346873032,420,Ranked Solo/Duo,False,True,1393,1755181563320,"['15', '16']",,,,,,
NA1_5316126970,420,Ranked Solo/Duo,True,False,2933,1751173121303,"['15', '13']",,,,,,
NA1_5402311795,420,Ranked Solo/Duo,False,True,2134,1761689754341,"['15', '21']",,,,,,
NA1_5271215877,420,Ranked Solo/Duo,False,True,2164,1745179653521,"['15', '8']",,,,,,
NA1_5420298858,420,Ranked Solo/Duo,True,False,1768,1763950747341,"['15', '23']",,,,,,
NA1_5421265789,420,Ranked Solo/Duo,True,False,1794,1764054155389,"['15', '23']",,,,,,
NA1_5416639558,420,Ranked Solo/Duo,False,True,921,1763532673586,"['15', '22']",,,,,,
NA1_5388070585,420,Ranked Solo/Duo,False,True,1861,1759873925047,"['15', '19']",,,,,,
NA1_5221003656,420,Ranked Solo/Duo,False,True,1541,1738532255431,"['15', '2']",,,,,,
NA1_5329494240,420,Ranked Solo/Duo,True,False,1300,1753065560202,"['15', '14']",,,,,,
NA1_5359237407,420,Ranked Solo/Duo,True,False,2342,1756616442042,"['15', '17']",,,,,,
NA1_5392615368,420,Ranked Solo/Duo,False,True,1638,1760402352974,"['15', '20']",,,,,,
NA1_5413546458,420,Ranked Solo/Duo,False,True,2123,1763170481034,"['15', '22']",,,,,,
NA1_5416542235,420,Ranked Solo/Duo,False,True,1156,1763525370748,"['15', '22']",,,,,,
NA1_5421781025,420,Ranked Solo/Duo,True,False,1241,1764128199174,"['15', '23']",,,,,,
NA1_5351635485,420,Ranked Solo/Duo,True,False,2440,1755743818198,"['15', '16']",,,,,,
NA1_5421326598,420,Ranked Solo/Duo,False,True,1778,1764063855643,"['15', '23']",,,,,,
NA1_5422781673,420,Ranked Solo/Duo,True,False,1321,1764254165464,"['15', '23']",,,,,,
NA1_5414096921,420,Ranked Solo/Duo,False,True,1614,1763235882897,"['15', '22']",,,,,,
NA1_5413288623,420,Ranked Solo/Duo,True,False,1613,1763139561633,"['15', '22']",,,,,,
NA1_5418870955,420,Ranked Solo/Duo,True,False,1950,1763792984392,"['15', '23']",,,,,,
NA1_5407332956,420,Ranked Solo/Duo,False,True,1869,1762389045358,"['15', '22']",,,,,,
NA1_5422576284,420,Ranked Solo/Duo,True,False,1573,1764221098662,"['15', '23']",,,,,,
NA1_5421871261,420,Ranked Solo/Duo,False,True,1567,1764133839070,"['15', '23']",,,,,,
NA1_5423232025,420,Ranked Solo/Duo,True,False,2079,1764305818205,"['15', '23']",,,,,,
NA1_5415547244,420,Ranked Solo/Duo,False,True,1718,1763403743232,"['15', '22']",,,,,,
NA1_5343212353,420,Ranked Solo/Duo,True,False,1796,1754762343872,"['15', '15']",,,,,,
NA1_5423889832,420,Ranked Solo/Duo,True,False,925,1764390181104,"['15', '23']",,,,,,
NA1_5305099438,420,Ranked Solo/Duo,True,False,2040,1749626919514,"['15', '11']",,,,,,
NA1_5417260413,420,Ranked Solo/Duo,False,True,1608,1763611780263,"['15', '23']",,,,,,
NA1_5409963846,420,Ranked Solo/Duo,True,False,1557,1762724709214,"['15', '22']",,,,,,
NA1_5423974404,420,Ranked Solo/Duo,True,False,1943,1764395936768,"['15', '23']",,,,,,
NA1_5422294321,420,Ranked Solo/Duo,True,False,747,1764201139113,"['15', '23']",,,,,,
NA1_5424175209,420,Ranked Solo/Duo,True,False,1595,1764432677499,"['15', '23']",,,,,,
NA1_5396382006,420,Ranked Solo/Duo,False,True,1818,1760900466564,"['15', '20']",,,,,,
NA1_5402574790,420,Ranked Solo/Duo,True,False,2267,1761710695613,"['15', '21']",,,,,,
NA1_5424015009,420,Ranked Solo/Duo,True,False,2018,1764398855853,"['15', '23']",,,,,,
NA1_5323053830,420,Ranked Solo/Duo,False,True,1233,1752196479405,"['15', '13']",,,,,,
NA1_5205661838,420,Ranked Solo/Duo,True,False,2137,1736741031616,"['15', '1']",,,,,,
NA1_5370624972,420,Ranked Solo/Duo,True,False,1566,1758173084506,"['15', '18']",,,,,,
NA1_5403545207,420,Ranked Solo/Duo,True,False,2013,1761866916076,"['15', '21']",,,,,,
NA1_5395701618,420,Ranked Solo/Duo,True,False,1388,1760817964880,"['15', '20']",,,,,,
NA1_5274146468,420,Ranked Solo/Duo,True,False,2212,1745553850388,"['15', '8']",,,,,,
NA1_5414540517,420,Ranked Solo/Duo,False,True,2129,1763271310718,"['15', '22']",,,,,,
NA1_5363593646,420,Ranked Solo/Duo,True,False,1996,1757189018347,"['15', '17']",,,,,,
NA1_5416363077,420,Ranked Solo/Duo,True,False,1871,1763513025525,"['15', '22']",,,,,,
NA1_5365889873,420,Ranked Solo/Duo,False,True,1678,1757484777827,"['15', '17']",,,,,,
NA1_5406152349,420,Ranked Solo/Duo,True,False,1786,1762220182974,"['15', '21']",,,,,,
NA1_5408613181,420,Ranked Solo/Duo,False,True,1228,1762563441326,"['15', '22']",,,,,,
NA1_5424164405,420,Ranked Solo/Duo,True,False,1375,1764430064883,"['15', '23']",,,,,,
NA1_5423812831,420,Ranked Solo/Duo,True,False,1600,1764385200825,"['15', '23']",,,,,,
NA1_5361430083,420,Ranked Solo/Duo,False,True,1597,1756873262688,"['15', '17']",,,,,,
NA1_5421089478,420,Ranked Solo/Duo,False,True,1700,1764041923176,"['15', '23']",,,,,,
NA1_5378168585,420,Ranked Solo/Duo,True,False,1830,1758959272987,"['15', '19']",,,,,,
NA1_5419907317,420,Ranked Solo/Duo,False,True,1332,1763916658356,"['15', '23']",,,,,,
NA1_5416372756,420,Ranked Solo/Duo,False,True,1736,1763513564791,"['15', '22']",,,,,,
NA1_5421339230,420,Ranked Solo/Duo,False,True,1614,1764067699704,"['15', '23']",,,,,,
NA1_5414501139,420,Ranked Solo/Duo,False,True,2588,1763268746091,"['15', '22']",,,,,,
NA1_5418227132,420,Ranked Solo/Duo,True,False,910,1763721621781,"['15', '23']",,,,,,
NA1_5415644617,420,Ranked Solo/Duo,False,True,1503,1763418176607,"['15', '22']",,,,,,
NA1_5167319334,420,Ranked Solo/Duo,False,True,1687,1732837485699,"['14', '23']",,,,,,
NA1_5423281133,420,Ranked Solo/Duo,False,True,2156,1764309331897,"['15', '23']",,,,,,
NA1_5421571765,420,Ranked Solo/Duo,False,True,1964,1764113095873,"['15', '23']",,,,,,
NA1_5420821496,420,Ranked Solo/Duo,False,True,2037,1764020525589,"['15', '23']",,,,,,
NA1_5413722984,420,Ranked Solo/Duo,True,False,1642,1763181656190,"['15', '22']",,,,,,
NA1_5424044068,420,Ranked Solo/Duo,False,True,1374,1764401462266,"['15', '23']",,,,,,
NA1_5421621988,420,Ranked Solo/Duo,True,False,1635,1764117650271,"['15', '23']",,,,,,
NA1_5417160062,420,Ranked Solo/Duo,True,False,1996,1763606359708,"['15', '23']",,,,,,
NA1_5417538314,420,Ranked Solo/Duo,False,True,2091,1763652946472,"['15', '23']",,,,,,
NA1_5421549041,420,Ranked Solo/Duo,False,True,1587,1764110880990,"['15', '23']",,,,,,
NA1_5423078957,420,Ranked Solo/Duo,False,True,2767,1764295037900,"['15', '23']",,,,,,
NA1_5287995009,420,Ranked Solo/Duo,False,True,2034,1747371779322,"['15', '10']",,,,,,
NA1_5422094321,420,Ranked Solo/Duo,True,False,1700,1764174757121,"['15', '23']",,,,,,
NA1_5408372081,420,Ranked Solo/Duo,True,False,2236,1762530552780,"['15', '22']",,,,,,
NA1_5421018796,420,Ranked Solo/Duo,False,True,1983,1764037424220,"['15', '23']",,,,,,
NA1_5423733455,420,Ranked Solo/Duo,False,True,1886,1764379533476,"['15', '23']",,,,,,
NA1_5415758571,420,Ranked Solo/Duo,False,True,1853,1763428774909,"['15', '22']",,,,,,
NA1_5298865000,420,Ranked Solo/Duo,False,True,2067,1748761610795,"['15', '11']",,,,,,
NA1_5423011735,420,Ranked Solo/Duo,True,False,1362,1764288442572,"['15', '23']",,,,,,
NA1_5274596614,420,Ranked Solo/Duo,True,False,2217,1745625052739,"['15', '8']",,,,,,
NA1_5305450463,420,Ranked Solo/Duo,True,False,1856,1749691765313,"['15', '12']",,,,,,
NA1_5367678818,420,Ranked Solo/Duo,True,False,1913,1757747669705,"['15', '18']",,,,,,
NA1_5323272325,420,Ranked Solo/Duo,True,False,1896,1752216472050,"['15', '13']",,,,,,
NA1_5350802937,420,Ranked Solo/Duo,False,True,2153,1755645589171,"['15', '16']",,,,,,
NA1_5410836538,420,Ranked Solo/Duo,False,True,1568,1762825461100,"['15', '22']",,,,,,
NA1_5423289110,420,Ranked Solo/Duo,False,True,1719,1764310019470,"['15', '23']",,,,,,
NA1_5420872075,420,Ranked Solo/Duo,False,True,1055,1764026122390,"['15', '23']",,,,,,
NA1_5419216471,420,Ranked Solo/Duo,False,True,1553,1763846314911,"['15', '23']",,,,,,
NA1_5423014196,420,Ranked Solo/Duo,False,True,1740,1764289129070,"['15', '23']",,,,,,
NA1_5400574445,420,Ranked Solo/Duo,False,True,2176,1761449962609,"['15', '21']",,,,,,
NA1_5205580564,420,Ranked Solo/Duo,False,True,2164,1736736193821,"['15', '1']",,,,,,
NA1_5305052146,420,Ranked Solo/Duo,False,True,1844,1749620434576,"['15', '11']",,,,,,
NA1_5417400044,420,Ranked Solo/Duo,False,True,1466,1763620934050,"['15', '23']",,,,,,
NA1_5416058957,420,Ranked Solo/Duo,True,False,1961,1763450271056,"['15', '22']",,,,,,
NA1_5399110440,420,Ranked Solo/Duo,False,True,1985,1761268297569,"['15', '21']",,,,,,
NA1_5361602497,420,Ranked Solo/Duo,False,True,2410,1756911006729,"['15', '17']",,,,,,
NA1_5410690968,420,Ranked Solo/Duo,False,True,966,1762812638124,"['15', '22']",,,,,,
NA1_5420138257,420,Ranked Solo/Duo,True,False,1272,1763940337326,"['15', '23']",,,,,,
NA1_5406429496,420,Ranked Solo/Duo,False,True,1499,1762242156921,"['15', '21']",,,,,,
NA1_5417422373,420,Ranked Solo/Duo,False,True,1748,1763623197983,"['15', '23']",,,,,,
NA1_5184529788,420,Ranked Solo/Duo,False,True,1806,1734464123640,"['14', '24']",,,,,,
NA1_5392717961,420,Ranked Solo/Duo,False,True,1824,1760409317321,"['15', '20']",,,,,,
NA1_5313233731,420,Ranked Solo/Duo,False,True,1718,1750752232353,"['15', '12']",,,,,,
NA1_5422122712,420,Ranked Solo/Duo,True,False,1673,1764180605248,"['15', '23']",,,,,,
NA1_5330058591,420,Ranked Solo/Duo,False,True,1999,1753149395910,"['15', '14']",,,,,,
NA1_5421393946,420,Ranked Solo/Duo,False,True,923,1764087752021,"['15', '23']",,,,,,
NA1_5423594113,420,Ranked Solo/Duo,True,False,1718,1764365744913,"['15', '23']",,,,,,
NA1_5365264285,420,Ranked Solo/Duo,True,False,2490,1757393723236,"['15', '17']",,,,,,
NA1_5412926630,420,Ranked Solo/Duo,True,False,1858,1763088449178,"['15', '22']",,,,,,
NA1_5410938839,420,Ranked Solo/Duo,False,True,2409,1762831657420,"['15', '22']",,,,,,
NA1_5238360344,420,Ranked Solo/Duo,False,True,911,1740676199428,"['15', '4']",,,,,,
NA1_5416159759,420,Ranked Solo/Duo,True,False,2257,1763484539355,"['15', '22']",,,,,,
NA1_5422638722,420,Ranked Solo/Duo,False,True,1334,1764225613801,"['15', '23']",,,,,,
NA1_5416396545,420,Ranked Solo/Duo,True,False,926,1763515721665,"['15', '22']",,,,,,
NA1_5417173324,420,Ranked Solo/Duo,False,True,1812,1763607066897,"['15', '23']",,,,,,
NA1_5398894361,420,Ranked Solo/Duo,True,False,1852,1761243504992,"['15', '21']",,,,,,
NA1_5420109315,420,Ranked Solo/Duo,True,False,1837,1763938106817,"['15', '23']",,,,,,
NA1_5392061384,420,Ranked Solo/Duo,True,False,1717,1760327579149,"['15', '20']",,,,,,
NA1_5423536175,420,Ranked Solo/Duo,False,True,2307,1764358538344,"['15', '23']",,,,,,
NA1_5365341084,420,Ranked Solo/Duo,True,False,980,1757404288334,"['15', '17']",,,,,,
NA1_5314641295,420,Ranked Solo/Duo,False,True,1752,1750974405696,"['15', '13']",,,,,,
NA1_5418063719,420,Ranked Solo/Duo,True,False,1588,1763702505353,"['15', '23']",,,,,,
NA1_5413330508,420,Ranked Solo/Duo,False,True,2309,1763147160096,"['15', '22']",,,,,,
NA1_5410412054,420,Ranked Solo/Duo,True,False,1829,1762756560969,"['15', '22']",,,,,,
NA1_5423097127,420,Ranked Solo/Duo,True,False,2532,1764296450984,"['15', '23']",,,,,,
NA1_5219575683,420,Ranked Solo/Duo,False,True,1562,1738375482168,"['15', '2']",,,,,,
NA1_5286676526,420,Ranked Solo/Duo,True,False,1693,1747211179772,"['15', '9']",,,,,,
NA1_5400097636,420,Ranked Solo/Duo,False,True,2528,1761396298318,"['15', '21']",,,,,,
NA1_5410487420,420,Ranked Solo/Duo,True,False,1456,1762768099320,"['15', '22']",,,,,,
NA1_5304763951,420,Ranked Solo/Duo,False,True,1246,1749595844947,"['15', '11']",,,,,,
NA1_5412671472,420,Ranked Solo/Duo,True,False,914,1763063479185,"['15', '22']",,,,,,
NA1_5377681831,420,Ranked Solo/Duo,True,False,2746,1758936548867,"['15', '19']",,,,,,
NA1_5420589640,420,Ranked Solo/Duo,False,True,1570,1763970813200,"['15', '23']",,,,,,
NA1_5419846590,420,Ranked Solo/Duo,True,False,1105,1763900638935,"['15', '23']",,,,,,
NA1_5412724932,420,Ranked Solo/Duo,False,True,1670,1763070474162,"['15', '22']",,,,,,
NA1_5213664541,420,Ranked Solo/Duo,False,True,2157,1737700272592,"['15', '2']",,,,,,
NA1_5424395691,420,Ranked Solo/Duo,True,False,920,1764459417943,"['15', '23']",,,,,,
NA1_5321553954,420,Ranked Solo/Duo,False,True,2066,1751952907875,"['15', '13']",,,,,,
NA1_5423721662,420,Ranked Solo/Duo,True,False,2013,1764378514388,"['15', '23']",,,,,,
NA1_5334388849,420,Ranked Solo/Duo,False,True,1616,1753765088406,"['15', '14']",,,,,,
NA1_5414251613,420,Ranked Solo/Duo,False,True,1206,1763251328209,"['15', '22']",,,,,,
NA1_5422700440,420,Ranked Solo/Duo,True,False,1772,1764231607298,"['15', '23']",,,,,,
NA1_5421134541,420,Ranked Solo/Duo,True,False,2006,1764044626193,"['15', '23']",,,,,,
NA1_5423758977,420,Ranked Solo/Duo,True,False,1530,1764381319035,"['15', '23']",,,,,,
NA1_5367114989,420,Ranked Solo/Duo,False,True,1187,1757671704968,"['15', '18']",,,,,,
NA1_5284946733,420,Ranked Solo/Duo,False,True,1677,1746989582604,"['15', '9']",,,,,,
NA1_5395427824,420,Ranked Solo/Duo,False,True,1657,1760767168614,"['15', '20']",,,,,,
NA1_5341527316,420,Ranked Solo/Duo,False,True,1766,1754549433766,"['15', '15']",,,,,,
NA1_5330599146,420,Ranked Solo/Duo,False,True,2054,1753230841400,"['15', '14']",,,,,,
NA1_5423232421,420,Ranked Solo/Duo,False,True,1168,1764305908948,"['15', '23']",,,,,,
NA1_5365316840,420,Ranked Solo/Duo,True,False,2208,1757399540414,"['15', '17']",,,,,,
NA1_5352503810,420,Ranked Solo/Duo,False,True,2315,1755840178042,"['15', '16']",,,,,,
NA1_5408466469,420,Ranked Solo/Duo,False,True,1825,1762547841629,"['15', '22']",,,,,,
NA1_5424319705,420,Ranked Solo/Duo,False,True,1727,1764452200726,"['15', '23']",,,,,,
NA1_5326486724,420,Ranked Solo/Duo,True,False,1789,1752685587474,"['15', '14']",,,,,,
NA1_5422437235,420,Ranked Solo/Duo,False,True,1740,1764212261669,"['15', '23']",,,,,,
NA1_5410684321,420,Ranked Solo/Duo,True,False,1670,1762811999508,"['15', '22']",,,,,,
NA1_5419635991,420,Ranked Solo/Duo,True,False,1500,1763874990533,"['15', '23']",,,,,,
NA1_4893725984,420,Ranked Solo/Duo,False,True,1684,1705379312007,"['14', '1']",,,,,,
NA1_5391460976,420,Ranked Solo/Duo,True,False,1743,1760259570913,"['15', '20']",,,,,,
NA1_5318338622,420,Ranked Solo/Duo,True,False,1823,1751503741113,"['15', '13']",,,,,,
NA1_5418420106,420,Ranked Solo/Duo,False,True,1590,1763761256912,"['15', '23']",,,,,,
NA1_5341496599,420,Ranked Solo/Duo,False,True,2223,1754546281027,"['15', '15']",,,,,,
NA1_5423126555,420,Ranked Solo/Duo,False,True,1546,1764298803093,"['15', '23']",,,,,,
NA1_5421396003,420,Ranked Solo/Duo,False,True,1635,1764088075643,"['15', '23']",,,,,,
NA1_5422985133,420,Ranked Solo/Duo,True,False,1757,1764285829133,"['15', '23']",,,,,,
NA1_5363226640,420,Ranked Solo/Duo,False,True,1777,1757130821859,"['15', '17']",,,,,,
NA1_5398261097,420,Ranked Solo/Duo,True,False,1203,1761152882606,"['15', '21']",,,,,,
NA1_5317599838,420,Ranked Solo/Duo,True,False,956,1751395720250,"['15', '13']",,,,,,
NA1_5421143902,420,Ranked Solo/Duo,False,True,1604,1764045044059,"['15', '23']",,,,,,
NA1_5254401918,420,Ranked Solo/Duo,False,True,1804,1743034427568,"['15', '6']",,,,,,
NA1_5407538946,420,Ranked Solo/Duo,True,False,975,1762403767057,"['15', '22']",,,,,,
NA1_5421457485,420,Ranked Solo/Duo,False,True,1653,1764099865461,"['15', '23']",,,,,,
NA1_5255973578,420,Ranked Solo/Duo,True,False,2442,1743283755334,"['15', '6']",,,,,,
NA1_5407927262,420,Ranked Solo/Duo,True,False,1854,1762473093670,"['15', '22']",,,,,,
NA1_5421851836,420,Ranked Solo/Duo,False,True,1576,1764132455716,"['15', '23']",,,,,,
NA1_5364381849,420,Ranked Solo/Duo,True,False,1675,1757283752029,"['15', '17']",,,,,,
NA1_5421698324,420,Ranked Solo/Duo,True,False,1425,1764123217671,"['15', '23']",,,,,,
NA1_5423583563,420,Ranked Solo/Duo,False,True,1454,1764364645810,"['15', '23']",,,,,,
NA1_5244185753,420,Ranked Solo/Duo,False,True,1679,1741497493125,"['15', '5']",,,,,,
NA1_5423004403,420,Ranked Solo/Duo,False,True,1806,1764288140698,"['15', '23']",,,,,,
NA1_5422397266,420,Ranked Solo/Duo,False,True,937,1764209540892,"['15', '23']",,,,,,
NA1_5344952805,420,Ranked Solo/Duo,True,False,2055,1754952558855,"['15', '15']",,,,,,
NA1_5391708138,420,Ranked Solo/Duo,False,True,1243,1760301248899,"['15', '20']",,,,,,
NA1_5388446943,420,Ranked Solo/Duo,True,False,2079,1759900304280,"['15', '19']",,,,,,
NA1_5420384060,420,Ranked Solo/Duo,False,True,1028,1763955161298,"['15', '23']",,,,,,
NA1_5421639550,420,Ranked Solo/Duo,False,True,1719,1764119195146,"['15', '23']",,,,,,
NA1_5413827445,420,Ranked Solo/Duo,False,True,1582,1763188649129,"['15', '22']",,,,,,
NA1_5331132210,420,Ranked Solo/Duo,False,True,1442,1753312352118,"['15', '14']",,,,,,
NA1_5415086498,420,Ranked Solo/Duo,True,False,1499,1763341869681,"['15', '22']",,,,,,
NA1_5406039511,420,Ranked Solo/Duo,True,False,1586,1762209789877,"['15', '21']",,,,,,
NA1_5413919293,420,Ranked Solo/Duo,False,True,2304,1763198140889,"['15', '22']",,,,,,
NA1_4985830459,420,Ranked Solo/Duo,True,False,1564,1714333922843,"['14', '8']",,,,,,
NA1_5416257861,420,Ranked Solo/Duo,True,False,2379,1763501376044,"['15', '22']",,,,,,
NA1_5305564704,420,Ranked Solo/Duo,True,False,1361,1749700041708,"['15', '12']",,,,,,
NA1_5167599355,420,Ranked Solo/Duo,False,True,1415,1732853335563,"['14', '23']",,,,,,
NA1_5416899134,420,Ranked Solo/Duo,False,True,1533,1763586780664,"['15', '23']",,,,,,
NA1_5372741275,420,Ranked Solo/Duo,True,False,1587,1758495209464,"['15', '18']",,,,,,
NA1_5316170074,420,Ranked Solo/Duo,True,False,1664,1751177446761,"['15', '13']",,,,,,
NA1_5313461642,420,Ranked Solo/Duo,True,False,2247,1750802533351,"['15', '12']",,,,,,
NA1_5300260412,420,Ranked Solo/Duo,False,True,1918,1748967539955,"['15', '11']",,,,,,
NA1_5381872263,420,Ranked Solo/Duo,True,False,1221,1759249524562,"['15', '19']",,,,,,
NA1_5420225591,420,Ranked Solo/Duo,True,False,2263,1763946710185,"['15', '23']",,,,,,
NA1_5273889056,420,Ranked Solo/Duo,False,True,1722,1745531521942,"['15', '8']",,,,,,
NA1_5361598992,420,Ranked Solo/Duo,False,True,1345,1756909160514,"['15', '17']",,,,,,
NA1_5423397043,420,Ranked Solo/Duo,True,False,2144,1764322847751,"['15', '23']",,,,,,
NA1_5414984806,420,Ranked Solo/Duo,False,True,2013,1763333762034,"['15', '22']",,,,,,
NA1_4861584264,420,Ranked Solo/Duo,True,False,1655,1702707896582,"['13', '24']",,,,,,
NA1_5388813971,420,Ranked Solo/Duo,True,False,1986,1759961009507,"['15', '20']",,,,,,
NA1_5423661618,420,Ranked Solo/Duo,False,True,1141,1764373033600,"['15', '23']",,,,,,
NA1_5423568029,420,Ranked Solo/Duo,True,False,1629,1764362525177,"['15', '23']",,,,,,
NA1_5334335646,420,Ranked Solo/Duo,True,False,1913,1753760740664,"['15', '14']",,,,,,
NA1_5417306435,420,Ranked Solo/Duo,False,True,2410,1763614489097,"['15', '23']",,,,,,
NA1_5409151724,420,Ranked Solo/Duo,True,False,1378,1762630554408,"['15', '22']",,,,,,
NA1_5274203992,420,Ranked Solo/Duo,False,True,1181,1745558751123,"['15', '8']",,,,,,
NA1_5356073217,420,Ranked Solo/Duo,True,False,1467,1756266232927,"['15', '16']",,,,,,
NA1_5421419990,420,Ranked Solo/Duo,False,True,1738,1764093264191,"['15', '23']",,,,,,
NA1_5417826586,420,Ranked Solo/Duo,True,False,1311,1763688104632,"['15', '23']",,,,,,
NA1_5423055121,420,Ranked Solo/Duo,False,True,1676,1764293048105,"['15', '23']",,,,,,
NA1_5333195220,420,Ranked Solo/Duo,True,False,1605,1753596466727,"['15', '14']",,,,,,
NA1_5411565952,420,Ranked Solo/Duo,True,False,1907,1762911271703,"['15', '22']",,,,,,
NA1_5416126197,420,Ranked Solo/Duo,True,False,1648,1763465538182,"['15', '22']",,,,,,
NA1_5304904761,420,Ranked Solo/Duo,False,True,1855,1749608185020,"['15', '11']",,,,,,
NA1_5327534356,420,Ranked Solo/Duo,True,False,954,1752809116965,"['15', '14']",,,,,,
NA1_5371833455,420,Ranked Solo/Duo,True,False,1759,1758357020056,"['15', '18']",,,,,,
NA1_5423192508,420,Ranked Solo/Duo,True,False,1954,1764303266707,"['15', '23']",,,,,,
NA1_5409189987,420,Ranked Solo/Duo,True,False,1764,1762634404287,"['15', '22']",,,,,,
NA1_5421903512,420,Ranked Solo/Duo,False,True,2176,1764136166337,"['15', '23']",,,,,,
NA1_5407470169,420,Ranked Solo/Duo,False,True,1818,1762399123232,"['15', '22']",,,,,,
NA1_5411480544,420,Ranked Solo/Duo,True,False,1719,1762904890454,"['15', '22']",,,,,,
NA1_5424102894,420,Ranked Solo/Duo,False,True,1727,1764408948261,"['15', '23']",,,,,,
NA1_5414052699,420,Ranked Solo/Duo,True,False,1289,1763230744109,"['15', '22']",,,,,,
NA1_5424082691,420,Ranked Solo/Duo,False,True,1832,1764406195522,"['15', '23']",,,,,,
NA1_5422594129,420,Ranked Solo/Duo,True,False,960,1764222244253,"['15', '23']",,,,,,
NA1_5424172270,420,Ranked Solo/Duo,True,False,1697,1764432085850,"['15', '23']",,,,,,
NA1_5420891799,420,Ranked Solo/Duo,True,False,1950,1764027940775,"['15', '23']",,,,,,
NA1_5419449826,420,Ranked Solo/Duo,True,False,1412,1763864423551,"['15', '23']",,,,,,
NA1_5359030458,420,Ranked Solo/Duo,True,False,1488,1756602573588,"['15', '17']",,,,,,
NA1_5413650088,420,Ranked Solo/Duo,False,True,1951,1763177302006,"['15', '22']",,,,,,
NA1_5414923408,420,Ranked Solo/Duo,False,True,2164,1763328419209,"['15', '22']",,,,,,
NA1_5421375428,420,Ranked Solo/Duo,False,True,1527,1764083100519,"['15', '23']",,,,,,
NA1_5421594178,420,Ranked Solo/Duo,False,True,1972,1764115338750,"['15', '23']",,,,,,
NA1_5419536430,420,Ranked Solo/Duo,True,False,2255,1763869367689,"['15', '23']",,,,,,
NA1_5211083962,420,Ranked Solo/Duo,False,True,1749,1737403957408,"['15', '1']",,,,,,
NA1_5422152905,420,Ranked Solo/Duo,True,False,2000,1764184592209,"['15', '23']",,,,,,
NA1_5219691822,420,Ranked Solo/Duo,False,True,1862,1738382614297,"['15', '2']",,,,,,
NA1_5412795938,420,Ranked Solo/Duo,False,True,1894,1763078536546,"['15', '22']",,,,,,
NA1_5382273039,420,Ranked Solo/Duo,True,False,1320,1759280520671,"['15', '19']",,,,,,
NA1_5423675661,420,Ranked Solo/Duo,True,False,1698,1764374374811,"['15', '23']",,,,,,
NA1_5410339566,420,Ranked Solo/Duo,False,True,2227,1762750849962,"['15', '22']",,,,,,
NA1_5411401494,420,Ranked Solo/Duo,True,False,2013,1762897362144,"['15', '22']",,,,,,
NA1_5365603326,420,Ranked Solo/Duo,False,True,1415,1757460660660,"['15', '17']",,,,,,
NA1_5338936266,420,Ranked Solo/Duo,False,True,1341,1754272975522,"['15', '15']",,,,,,
NA1_4946221892,420,Ranked Solo/Duo,False,True,1551,1710368218686,"['14', '5']",,,,,,
NA1_5392185115,420,Ranked Solo/Duo,False,True,1667,1760338270504,"['15', '20']",,,,,,
NA1_5344092361,420,Ranked Solo/Duo,True,False,1963,1754857814754,"['15', '15']",,,,,,
NA1_5370098620,420,Ranked Solo/Duo,False,True,1122,1758090567019,"['15', '18']",,,,,,
NA1_5375726178,420,Ranked Solo/Duo,False,True,2179,1758821190604,"['15', '19']",,,,,,
NA1_5418689731,420,Ranked Solo/Duo,False,True,1764,1763782551851,"['15', '23']",,,,,,
NA1_5407310122,420,Ranked Solo/Duo,False,True,1466,1762386799339,"['15', '22']",,,,,,
NA1_5422728839,420,Ranked Solo/Duo,False,True,953,1764235702021,"['15', '23']",,,,,,
NA1_5424259479,420,Ranked Solo/Duo,False,True,1606,1764445621251,"['15', '23']",,,,,,
NA1_5294017590,420,Ranked Solo/Duo,False,True,1917,1748138954960,"['15', '10']",,,,,,
NA1_5240745559,420,Ranked Solo/Duo,False,True,1587,1740986804940,"['15', '4']",,,,,,
NA1_5419894095,420,Ranked Solo/Duo,True,False,1934,1763914227158,"['15', '23']",,,,,,
NA1_5423198547,420,Ranked Solo/Duo,True,False,1948,1764303607402,"['15', '23']",,,,,,
NA1_5423421208,420,Ranked Solo/Duo,False,True,1952,1764331480371,"['15', '23']",,,,,,
NA1_5423819789,420,Ranked Solo/Duo,True,False,1172,1764385600409,"['15', '23']",,,,,,
NA1_5394851528,420,Ranked Solo/Duo,False,True,1738,1760693062086,"['15', '20']",,,,,,
NA1_5417733214,420,Ranked Solo/Duo,False,True,1733,1763680597727,"['15', '23']",,,,,,
NA1_5416857407,420,Ranked Solo/Duo,False,True,1287,1763582260000,"['15', '23']",,,,,,
NA1_5290660006,420,Ranked Solo/Duo,True,False,2040,1747701457486,"['15', '10']",,,,,,
NA1_5374410336,420,Ranked Solo/Duo,False,True,1691,1758744930218,"['15', '19']",,,,,,
NA1_5422020198,420,Ranked Solo/Duo,True,False,1770,1764149156861,"['15', '23']",,,,,,
NA1_5325432408,420,Ranked Solo/Duo,True,False,1314,1752531819250,"['15', '13']",,,,,,
NA1_5422074858,420,Ranked Solo/Duo,True,False,1709,1764168931637,"['15', '23']",,,,,,
NA1_5409111572,420,Ranked Solo/Duo,True,False,2264,1762625344444,"['15', '22']",,,,,,
NA1_5419545487,420,Ranked Solo/Duo,False,True,2699,1763869892396,"['15', '23']",,,,,,
NA1_5417658709,420,Ranked Solo/Duo,True,False,1837,1763673067973,"['15', '23']",,,,,,
NA1_5424137524,420,Ranked Solo/Duo,True,False,1626,1764421440534,"['15', '23']",,,,,,
NA1_5421994170,420,Ranked Solo/Duo,False,True,1955,1764144746194,"['15', '23']",,,,,,
NA1_5406402190,420,Ranked Solo/Duo,True,False,1575,1762238542464,"['15', '21']",,,,,,
NA1_5422760166,420,Ranked Solo/Duo,True,False,1575,1764245199362,"['15', '23']",,,,,,
NA1_5422574221,420,Ranked Solo/Duo,True,False,2245,1764221000326,"['15', '23']",,,,,,
NA1_5418642609,420,Ranked Solo/Duo,True,False,992,1763779710661,"['15', '23']",,,,,,
NA1_5410430198,420,Ranked Solo/Duo,True,False,1580,1762758466730,"['15', '22']",,,,,,
NA1_5311646746,420,Ranked Solo/Duo,False,True,1209,1750546332399,"['15', '12']",,,,,,
NA1_5416911364,420,Ranked Solo/Duo,True,False,1652,1763588068210,"['15', '23']",,,,,,
NA1_5254513350,420,Ranked Solo/Duo,True,False,2075,1743044564536,"['15', '6']",,,,,,
NA1_5363714898,420,Ranked Solo/Duo,False,True,1818,1757200908018,"['15', '17']",,,,,,
NA1_5356702443,420,Ranked Solo/Duo,True,False,1643,1756344648922,"['15', '17']",,,,,,
NA1_5411974299,420,Ranked Solo/Duo,False,True,1642,1762968890655,"['15', '22']",,,,,,
NA1_5399309099,420,Ranked Solo/Duo,True,False,1543,1761282305026,"['15', '21']",,,,,,
NA1_5226797847,420,Ranked Solo/Duo,False,True,2368,1739231278718,"['15', '3']",,,,,,
NA1_5271349690,420,Ranked Solo/Duo,True,False,1773,1745192488719,"['15', '8']",,,,,,
NA1_5280420293,420,Ranked Solo/Duo,True,False,2243,1746380669055,"['15', '9']",,,,,,
NA1_5417176902,420,Ranked Solo/Duo,False,True,1407,1763607211874,"['15', '23']",,,,,,
NA1_5423751946,420,Ranked Solo/Duo,True,False,1591,1764380789501,"['15', '23']",,,,,,
NA1_5420912447,420,Ranked Solo/Duo,False,True,1440,1764029949587,"['15', '23']",,,,,,
NA1_5357624433,420,Ranked Solo/Duo,True,False,3260,1756436980611,"['15', '17']",,,,,,
NA1_5392640341,420,Ranked Solo/Duo,False,True,1753,1760404058093,"['15', '20']",,,,,,
NA1_5416914399,420,Ranked Solo/Duo,True,False,1965,1763588414021,"['15', '23']",,,,,,
NA1_5239268207,420,Ranked Solo/Duo,False,True,2435,1740801666812,"['15', '4']",,,,,,
NA1_5423330620,420,Ranked Solo/Duo,False,True,2226,1764313785497,"['15', '23']",,,,,,
NA1_5330688510,420,Ranked Solo/Duo,False,True,2063,1753237800148,"['15', '14']",,,,,,
NA1_5372718719,420,Ranked Solo/Duo,False,True,1810,1758492948272,"['15', '18']",,,,,,
NA1_5402582560,420,Ranked Solo/Duo,True,False,1398,1761711554510,"['15', '21']",,,,,,
NA1_5407119970,420,Ranked Solo/Duo,True,False,1240,1762354936096,"['15', '22']",,,,,,
NA1_5385508667,420,Ranked Solo/Duo,False,True,937,1759607408553,"['15', '19']",,,,,,
NA1_5424340014,420,Ranked Solo/Duo,False,True,1649,1764453840576,"['15', '23']",,,,,,
NA1_5418757148,420,Ranked Solo/Duo,False,True,1856,1763786227208,"['15', '23']",,,,,,
NA1_5424447234,420,Ranked Solo/Duo,True,False,1229,1764463826585,"['15', '23']",,,,,,
NA1_5417017952,420,Ranked Solo/Duo,True,False,1656,1763597312845,"['15', '23']",,,,,,
NA1_5404010978,420,Ranked Solo/Duo,False,True,1155,1761935940189,"['15', '21']",,,,,,
NA1_5412667459,420,Ranked Solo/Duo,True,False,918,1763062768585,"['15', '22']",,,,,,
NA1_5331172468,420,Ranked Solo/Duo,False,True,1778,1753316474355,"['15', '14']",,,,,,
NA1_5417366215,420,Ranked Solo/Duo,False,True,1613,1763618361977,"['15', '23']",,,,,,
NA1_5406601100,420,Ranked Solo/Duo,False,True,1644,1762287672244,"['15', '21']",,,,,,
NA1_5419241116,420,Ranked Solo/Duo,True,False,1582,1763848490016,"['15', '23']",,,,,,
NA1_5333818518,420,Ranked Solo/Duo,False,True,2048,1753679804998,"['15', '14']",,,,,,
NA1_5376896093,420,Ranked Solo/Duo,True,False,2390,1758880883322,"['15', '19']",,,,,,
NA1_5375751317,420,Ranked Solo/Duo,True,False,2134,1758822737085,"['15', '19']",,,,,,
NA1_5419569262,420,Ranked Solo/Duo,False,True,1501,1763871227534,"['15', '23']",,,,,,
NA1_5410951855,420,Ranked Solo/Duo,True,False,1669,1762832579370,"['15', '22']",,,,,,
NA1_5423606986,420,Ranked Solo/Duo,False,True,2315,1764367041861,"['15', '23']",,,,,,
NA1_5416813824,420,Ranked Solo/Duo,False,True,1724,1763575546331,"['15', '23']",,,,,,
NA1_5415342139,420,Ranked Solo/Duo,True,False,1150,1763358265855,"['15', '22']",,,,,,
NA1_5421856639,420,Ranked Solo/Duo,False,True,1940,1764132967181,"['15', '23']",,,,,,
NA1_5344902945,420,Ranked Solo/Duo,False,True,2019,1754948052334,"['15', '15']",,,,,,
NA1_5402183854,420,Ranked Solo/Duo,False,True,1775,1761670497231,"['15', '21']",,,,,,
NA1_5268208853,420,Ranked Solo/Duo,False,True,1264,1744808004947,"['15', '8']",,,,,,
NA1_5415571967,420,Ranked Solo/Duo,True,False,1717,1763407812890,"['15', '22']",,,,,,
NA1_5416922791,420,Ranked Solo/Duo,True,False,1673,1763588956860,"['15', '23']",,,,,,
NA1_5408012966,420,Ranked Solo/Duo,True,False,1655,1762480361333,"['15', '22']",,,,,,
NA1_5418626242,420,Ranked Solo/Duo,False,True,1571,1763778598911,"['15', '23']",,,,,,
NA1_5317329855,420,Ranked Solo/Duo,False,True,1924,1751342514599,"['15', '13']",,,,,,
NA1_5369145133,420,Ranked Solo/Duo,True,False,1945,1757964835305,"['15', '18']",,,,,,
NA1_5423652286,420,Ranked Solo/Duo,False,True,2400,1764371972748,"['15', '23']",,,,,,
NA1_5304406872,420,Ranked Solo/Duo,False,True,1890,1749529843284,"['15', '11']",,,,,,
NA1_5420531633,420,Ranked Solo/Duo,False,True,1209,1763964787486,"['15', '23']",,,,,,
NA1_5410640116,420,Ranked Solo/Duo,False,True,1468,1762806646958,"['15', '22']",,,,,,
NA1_5422364313,420,Ranked Solo/Duo,True,False,1221,1764207163116,"['15', '23']",,,,,,
NA1_5417849963,420,Ranked Solo/Duo,False,True,1390,1763689545949,"['15', '23']",,,,,,
NA1_5414976257,420,Ranked Solo/Duo,True,False,2072,1763333166936,"['15', '22']",,,,,,
NA1_5256729652,420,Ranked Solo/Duo,True,False,1692,1743385048570,"['15', '6']",,,,,,
NA1_5418456491,420,Ranked Solo/Duo,True,False,1430,1763765237465,"['15', '23']",,,,,,
NA1_5416633595,420,Ranked Solo/Duo,False,True,1672,1763532198584,"['15', '22']",,,,,,
NA1_5391849063,420,Ranked Solo/Duo,True,False,1861,1760313182200,"['15', '20']",,,,,,
NA1_5421784998,420,Ranked Solo/Duo,True,False,1321,1764128411814,"['15', '23']",,,,,,
NA1_5405074043,420,Ranked Solo/Duo,True,False,2380,1762066529509,"['15', '21']",,,,,,
NA1_5424198740,420,Ranked Solo/Duo,True,False,962,1764436594132,"['15', '23']",,,,,,
NA1_5421551956,420,Ranked Solo/Duo,True,False,1678,1764111119653,"['15', '23']",,,,,,
NA1_5423594404,420,Ranked Solo/Duo,False,True,1920,1764365861380,"['15', '23']",,,,,,
NA1_5403084407,420,Ranked Solo/Duo,True,False,1914,1761790893115,"['15', '21']",,,,,,
NA1_5406712329,420,Ranked Solo/Duo,False,True,1669,1762301438771,"['15', '21']",,,,,,
NA1_5400999747,420,Ranked Solo/Duo,False,True,1889,1761511649682,"['15', '21']",,,,,,
NA1_5334452828,420,Ranked Solo/Duo,False,True,2138,1753773041164,"['15', '14']",,,,,,
NA1_5416725811,420,Ranked Solo/Duo,True,False,1744,1763544473242,"['15', '22']",,,,,,
NA1_5417570530,420,Ranked Solo/Duo,True,False,1877,1763660272344,"['15', '23']",,,,,,
NA1_5420446986,420,Ranked Solo/Duo,False,True,2449,1763958658565,"['15', '23']",,,,,,
NA1_5420309872,420,Ranked Solo/Duo,False,True,1833,1763951270169,"['15', '23']",,,,,,
NA1_5336779611,420,Ranked Solo/Duo,True,False,1192,1754062104671,"['15', '15']",,,,,,
NA1_5400287540,420,Ranked Solo/Duo,True,False,1621,1761426496710,"['15', '21']",,,,,,
NA1_5424366174,420,Ranked Solo/Duo,True,False,1419,1764456597378,"['15', '23']",,,,,,
NA1_5377477989,420,Ranked Solo/Duo,False,True,1501,1758926974725,"['15', '19']",,,,,,
NA1_5414265119,420,Ranked Solo/Duo,False,True,1320,1763252267240,"['15', '22']",,,,,,
NA1_5410626793,420,Ranked Solo/Duo,False,True,1098,1762804718476,"['15', '22']",,,,,,
NA1_5416141598,420,Ranked Solo/Duo,False,True,1153,1763480749884,"['15', '22']",,,,,,
NA1_5421167774,420,Ranked Solo/Duo,False,True,1711,1764046577742,"['15', '23']",,,,,,
NA1_5364536447,420,Ranked Solo/Duo,False,True,1775,1757296336460,"['15', '17']",,,,,,
NA1_5354489984,420,Ranked Solo/Duo,True,False,1692,1756080813710,"['15', '16']",,,,,,
NA1_5361527529,420,Ranked Solo/Duo,False,True,1573,1756884435963,"['15', '17']",,,,,,
NA1_5424320670,420,Ranked Solo/Duo,False,True,1567,1764452214964,"['15', '23']",,,,,,
NA1_5314511118,420,Ranked Solo/Duo,False,True,1716,1750953957700,"['15', '13']",,,,,,
NA1_5410618275,420,Ranked Solo/Duo,True,False,1724,1762803675430,"['15', '22']",,,,,,
NA1_5371400474,420,Ranked Solo/Duo,True,False,2558,1758312990362,"['15', '18']",,,,,,
NA1_5415924979,420,Ranked Solo/Duo,False,True,1739,1763439375350,"['15', '22']",,,,,,
NA1_5421911541,420,Ranked Solo/Duo,True,False,1534,1764136725991,"['15', '23']",,,,,,
NA1_5332795071,420,Ranked Solo/Duo,True,False,1427,1753557199130,"['15', '14']",,,,,,
NA1_5367696698,420,Ranked Solo/Duo,False,True,1938,1757751226583,"['15', '18']",,,,,,
NA1_5418530753,420,Ranked Solo/Duo,True,False,1446,1763771668461,"['15', '23']",,,,,,
NA1_5380447999,420,Ranked Solo/Duo,False,True,1663,1759116793356,"['15', '19']",,,,,,
NA1_5405722034,420,Ranked Solo/Duo,False,True,1243,1762146817073,"['15', '21']",,,,,,
NA1_5300539297,420,Ranked Solo/Duo,False,True,2383,1749000712453,"['15', '11']",,,,,,
NA1_5416141551,420,Ranked Solo/Duo,True,False,1113,1763480677849,"['15', '22']",,,,,,
NA1_5416379043,420,Ranked Solo/Duo,True,False,929,1763514099524,"['15', '22']",,,,,,
NA1_5402606206,420,Ranked Solo/Duo,False,True,1740,1761713331706,"['15', '21']",,,,,,
NA1_5359827933,420,Ranked Solo/Duo,True,False,801,1756691027641,"['15', '17']",,,,,,
NA1_5422444118,420,Ranked Solo/Duo,True,False,923,1764212680884,"['15', '23']",,,,,,
NA1_5391703699,420,Ranked Solo/Duo,True,False,1623,1760301057727,"['15', '20']",,,,,,
NA1_5413678641,420,Ranked Solo/Duo,False,True,1629,1763179209264,"['15', '22']",,,,,,
NA1_5410125704,420,Ranked Solo/Duo,True,False,1955,1762737888221,"['15', '22']",,,,,,
NA1_5350851819,420,Ranked Solo/Duo,False,True,2217,1755649617504,"['15', '16']",,,,,,
NA1_5202252321,420,Ranked Solo/Duo,False,True,1883,1736383094505,"['14', '24']",,,,,,
NA1_5417156058,420,Ranked Solo/Duo,False,True,1693,1763606111256,"['15', '23']",,,,,,
NA1_5241226336,420,Ranked Solo/Duo,True,False,2024,1741063595352,"['15', '4']",,,,,,
NA1_5410520461,420,Ranked Solo/Duo,False,True,2365,1762781575493,"['15', '22']",,,,,,
NA1_5413857553,420,Ranked Solo/Duo,False,True,1541,1763191104846,"['15', '22']",,,,,,
NA1_5416814802,420,Ranked Solo/Duo,True,False,2154,1763575572836,"['15', '23']",,,,,,
NA1_5411344855,420,Ranked Solo/Duo,False,True,2200,1762890290683,"['15', '22']",,,,,,
NA1_5421124700,420,Ranked Solo/Duo,True,False,1620,1764044089592,"['15', '23']",,,,,,
NA1_5421379460,420,Ranked Solo/Duo,False,True,1389,1764084366415,"['15', '23']",,,,,,
NA1_5423064455,420,Ranked Solo/Duo,False,True,1866,1764294019872,"['15', '23']",,,,,,
NA1_5295890848,420,Ranked Solo/Duo,False,True,968,1748375376855,"['15', '10']",,,,,,
NA1_5421395680,420,Ranked Solo/Duo,False,True,1875,1764088802711,"['15', '23']",,,,,,
NA1_5419162227,420,Ranked Solo/Duo,False,True,1735,1763840692961,"['15', '23']",,,,,,
NA1_5365906573,420,Ranked Solo/Duo,True,False,1155,1757487514246,"['15', '17']",,,,,,
NA1_5406032669,420,Ranked Solo/Duo,False,True,842,1762209154190,"['15', '21']",,,,,,
NA1_5423236696,420,Ranked Solo/Duo,False,True,1687,1764306281100,"['15', '23']",,,,,,
NA1_5420112976,420,Ranked Solo/Duo,True,False,1383,1763938176433,"['15', '23']",,,,,,
NA1_5414449157,420,Ranked Solo/Duo,False,True,1729,1763265490048,"['15', '22']",,,,,,
NA1_5388761941,420,Ranked Solo/Duo,True,False,1872,1759955802524,"['15', '20']",,,,,,
NA1_5313185815,420,Ranked Solo/Duo,False,True,1919,1750743998856,"['15', '12']",,,,,,
NA1_5420334715,420,Ranked Solo/Duo,False,True,1450,1763952753463,"['15', '23']",,,,,,
NA1_5413293492,420,Ranked Solo/Duo,True,False,1411,1763140485166,"['15', '22']",,,,,,
NA1_5424320570,420,Ranked Solo/Duo,True,False,1150,1764452138661,"['15', '23']",,,,,,
NA1_5256759369,420,Ranked Solo/Duo,True,False,1792,1743387427612,"['15', '6']",,,,,,
NA1_5390303793,420,Ranked Solo/Duo,False,True,914,1760138817099,"['15', '20']",,,,,,
NA1_5416328129,420,Ranked Solo/Duo,True,False,1921,1763509824635,"['15', '22']",,,,,,
NA1_5419937306,420,Ranked Solo/Duo,True,False,1753,1763921026085,"['15', '23']",,,,,,
NA1_5421217372,420,Ranked Solo/Duo,True,False,2316,1764050194176,"['15', '23']",,,,,,
NA1_5392757042,420,Ranked Solo/Duo,True,False,1425,1760411973713,"['15', '20']",,,,,,
NA1_5339029397,420,Ranked Solo/Duo,True,False,1811,1754278417808,"['15', '15']",,,,,,
NA1_5363429506,420,Ranked Solo/Duo,False,True,1591,1757161695319,"['15', '17']",,,,,,
NA1_5240373102,420,Ranked Solo/Duo,False,True,2321,1740954189591,"['15', '4']",,,,,,
NA1_5213703420,420,Ranked Solo/Duo,False,True,1789,1737703536386,"['15', '2']",,,,,,
NA1_5404685147,420,Ranked Solo/Duo,True,False,1787,1762034212869,"['15', '21']",,,,,,
NA1_5330875468,420,Ranked Solo/Duo,False,True,2147,1753256649402,"['15', '14']",,,,,,
NA1_5245018047,420,Ranked Solo/Duo,True,False,1947,1741622115443,"['15', '5']",,,,,,
NA1_5424341382,420,Ranked Solo/Duo,True,False,1320,1764454278575,"['15', '23']",,,,,,
NA1_5404538013,420,Ranked Solo/Duo,True,False,2207,1762015950335,"['15', '21']",,,,,,
NA1_5423675042,420,Ranked Solo/Duo,False,True,1576,1764374123079,"['15', '23']",,,,,,
NA1_5395458875,420,Ranked Solo/Duo,True,False,1503,1760770312625,"['15', '20']",,,,,,
NA1_5421932716,420,Ranked Solo/Duo,True,False,1904,1764138491183,"['15', '23']",,,,,,
NA1_5399117508,420,Ranked Solo/Duo,True,False,1510,1761268838850,"['15', '21']",,,,,,
NA1_5411681242,420,Ranked Solo/Duo,True,False,1723,1762918578684,"['15', '22']",,,,,,
NA1_5423711962,420,Ranked Solo/Duo,True,False,2157,1764377464308,"['15', '23']",,,,,,
NA1_5412795910,420,Ranked Solo/Duo,False,True,1500,1763078525769,"['15', '22']",,,,,,
NA1_5411280220,420,Ranked Solo/Duo,False,True,1947,1762881217642,"['15', '22']",,,,,,
NA1_5370980977,420,Ranked Solo/Duo,True,False,2209,1758243044589,"['15', '18']",,,,,,
NA1_5423692270,420,Ranked Solo/Duo,True,False,1930,1764375855675,"['15', '23']",,,,,,
NA1_5423310326,420,Ranked Solo/Duo,True,False,2128,1764311846864,"['15', '23']",,,,,,
NA1_5373025055,420,Ranked Solo/Duo,False,True,2085,1758519245960,"['15', '18']",,,,,,
NA1_5399368313,420,Ranked Solo/Duo,True,False,2412,1761288736561,"['15', '21']",,,,,,
NA1_5417438052,420,Ranked Solo/Duo,False,True,1638,1763624668692,"['15', '23']",,,,,,
NA1_5412887145,420,Ranked Solo/Duo,True,False,996,1763085783814,"['15', '22']",,,,,,
NA1_5421727885,420,Ranked Solo/Duo,False,True,1833,1764124963102,"['15', '23']",,,,,,
NA1_5423315670,420,Ranked Solo/Duo,True,False,1367,1764312405552,"['15', '23']",,,,,,
NA1_5361586698,420,Ranked Solo/Duo,False,True,1891,1756906593256,"['15', '17']",,,,,,
NA1_5412345368,420,Ranked Solo/Duo,False,True,1871,1763006668395,"['15', '22']",,,,,,
NA1_5416568586,420,Ranked Solo/Duo,False,True,1422,1763527168696,"['15', '22']",,,,,,
NA1_5409595455,420,Ranked Solo/Duo,False,True,1948,1762666423881,"['15', '22']",,,,,,
NA1_5419676766,420,Ranked Solo/Duo,False,True,1546,1763877548513,"['15', '23']",,,,,,
NA1_5393590094,420,Ranked Solo/Duo,True,False,1996,1760515590345,"['15', '20']",,,,,,
NA1_5423002652,420,Ranked Solo/Duo,False,True,1454,1764287861997,"['15', '23']",,,,,,
NA1_5414659312,420,Ranked Solo/Duo,True,False,1897,1763280996720,"['15', '22']",,,,,,
NA1_5422994538,420,Ranked Solo/Duo,True,False,1740,1764287046979,"['15', '23']",,,,,,
NA1_5422440753,420,Ranked Solo/Duo,True,False,1592,1764212311910,"['15', '23']",,,,,,
NA1_5253464107,420,Ranked Solo/Duo,False,True,2080,1742873330871,"['15', '6']",,,,,,
NA1_5424443105,420,Ranked Solo/Duo,False,True,1762,1764463390055,"['15', '23']",,,,,,
NA1_5407297070,420,Ranked Solo/Duo,False,True,1633,1762385509105,"['15', '22']",,,,,,
NA1_5397773875,420,Ranked Solo/Duo,False,True,1367,1761075624243,"['15', '20']",,,,,,
NA1_5421585171,420,Ranked Solo/Duo,True,False,1386,1764114461891,"['15', '23']",,,,,,
NA1_5380671900,420,Ranked Solo/Duo,False,True,1723,1759131698758,"['15', '19']",,,,,,
NA1_5424150081,420,Ranked Solo/Duo,True,False,2003,1764425691416,"['15', '23']",,,,,,
NA1_5417832210,420,Ranked Solo/Duo,False,True,1727,1763688391802,"['15', '23']",,,,,,
NA1_5373101534,420,Ranked Solo/Duo,True,False,2440,1758538064953,"['15', '18']",,,,,,
NA1_5409649403,420,Ranked Solo/Duo,False,True,2504,1762670218986,"['15', '22']",,,,,,
NA1_5417637904,420,Ranked Solo/Duo,False,True,1825,1763670057770,"['15', '23']",,,,,,
NA1_5391651092,420,Ranked Solo/Duo,False,True,2709,1760295768900,"['15', '20']",,,,,,
NA1_5399039382,420,Ranked Solo/Duo,False,True,1778,1761262160790,"['15', '21']",,,,,,
NA1_5420147427,420,Ranked Solo/Duo,False,True,2181,1763941099617,"['15', '23']",,,,,,
NA1_5413792671,420,Ranked Solo/Duo,False,True,1830,1763186237387,"['15', '22']",,,,,,
NA1_5413316578,420,Ranked Solo/Duo,True,False,1569,1763144944868,"['15', '22']",,,,,,
NA1_5321359016,420,Ranked Solo/Duo,False,True,1110,1751936439055,"['15', '13']",,,,,,
NA1_5421638209,420,Ranked Solo/Duo,True,False,966,1764118997121,"['15', '23']",,,,,,
NA1_5316136479,420,Ranked Solo/Duo,False,True,1601,1751174280747,"['15', '13']",,,,,,
NA1_5381505151,420,Ranked Solo/Duo,False,True,1967,1759204236240,"['15', '19']",,,,,,
NA1_5418501902,420,Ranked Solo/Duo,False,True,1598,1763769227328,"['15', '23']",,,,,,
NA1_5412000774,420,Ranked Solo/Duo,True,False,1271,1762973482145,"['15', '22']",,,,,,
NA1_5319782341,420,Ranked Solo/Duo,False,True,654,1751711330639,"['15', '13']",,,,,,
NA1_5424302954,420,Ranked Solo/Duo,True,False,1527,1764450212388,"['15', '23']",,,,,,
NA1_5412152090,420,Ranked Solo/Duo,False,True,1910,1762992904589,"['15', '22']",,,,,,
NA1_5286571864,420,Ranked Solo/Duo,False,True,2427,1747197155579,"['15', '9']",,,,,,
NA1_5357239369,420,Ranked Solo/Duo,False,True,1809,1756407698441,"['15', '17']",,,,,,
NA1_5396512719,420,Ranked Solo/Duo,True,False,1680,1760913465446,"['15', '20']",,,,,,
NA1_5311694739,420,Ranked Solo/Duo,True,False,1440,1750551310344,"['15', '12']",,,,,,
NA1_5390295941,420,Ranked Solo/Duo,True,False,2563,1760138132457,"['15', '20']",,,,,,
NA1_5394747474,420,Ranked Solo/Duo,False,True,1749,1760677069588,"['15', '20']",,,,,,
NA1_5424032077,420,Ranked Solo/Duo,False,True,1594,1764400168414,"['15', '23']",,,,,,
NA1_5423125337,420,Ranked Solo/Duo,False,True,1813,1764298693198,"['15', '23']",,,,,,
NA1_5409170137,420,Ranked Solo/Duo,False,True,1678,1762632275609,"['15', '22']",,,,,,
NA1_5394267295,420,Ranked Solo/Duo,True,False,1918,1760621076826,"['15', '20']",,,,,,
NA1_5423946065,420,Ranked Solo/Duo,True,False,2246,1764393842255,"['15', '23']",,,,,,
NA1_5420038507,420,Ranked Solo/Duo,False,True,1172,1763932103153,"['15', '23']",,,,,,
NA1_5421398202,420,Ranked Solo/Duo,True,False,1327,1764089019400,"['15', '23']",,,,,,
NA1_5416171800,420,Ranked Solo/Duo,False,True,1963,1763487069795,"['15', '22']",,,,,,
NA1_5326698938,420,Ranked Solo/Duo,False,True,1741,1752709196951,"['15', '14']",,,,,,
NA1_5405599142,420,Ranked Solo/Duo,False,True,1987,1762138495199,"['15', '21']",,,,,,
NA1_5417861475,420,Ranked Solo/Duo,False,True,1730,1763690409338,"['15', '23']",,,,,,
NA1_5318109231,420,Ranked Solo/Duo,False,True,1806,1751469037500,"['15', '13']",,,,,,
NA1_5422579628,420,Ranked Solo/Duo,True,False,1108,1764221408547,"['15', '23']",,,,,,
NA1_5215659558,420,Ranked Solo/Duo,False,True,1261,1737916019791,"['15', '2']",,,,,,
NA1_5395863462,420,Ranked Solo/Duo,False,True,1843,1760833604568,"['15', '20']",,,,,,
NA1_5422343040,420,Ranked Solo/Duo,True,False,1911,1764205280242,"['15', '23']",,,,,,
NA1_5287318146,420,Ranked Solo/Duo,True,False,2328,1747287753459,"['15', '10']",,,,,,
NA1_5286666267,420,Ranked Solo/Duo,False,True,1648,1747208668216,"['15', '9']",,,,,,
NA1_5370043121,420,Ranked Solo/Duo,False,True,962,1758083880233,"['15', '18']",,,,,,
NA1_5423860701,420,Ranked Solo/Duo,False,True,928,1764388540267,"['15', '23']",,,,,,
NA1_5401508815,420,Ranked Solo/Duo,False,True,1706,1761561519045,"['15', '21']",,,,,,
NA1_5411284410,420,Ranked Solo/Duo,True,False,1811,1762882265291,"['15', '22']",,,,,,
NA1_5412086550,420,Ranked Solo/Duo,True,False,1767,1762986265871,"['15', '22']",,,,,,
NA1_5423145892,420,Ranked Solo/Duo,True,False,1834,1764299931167,"['15', '23']",,,,,,
NA1_5398105369,420,Ranked Solo/Duo,False,True,2031,1761108680644,"['15', '20']",,,,,,
NA1_5410559665,420,Ranked Solo/Duo,True,False,1718,1762793635534,"['15', '22']",,,,,,
NA1_5364687074,420,Ranked Solo/Duo,True,False,2108,1757308046795,"['15', '17']",,,,,,
NA1_5414891496,420,Ranked Solo/Duo,False,True,1883,1763325400802,"['15', '22']",,,,,,
NA1_5320485394,420,Ranked Solo/Duo,False,True,2060,1751820760318,"['15', '13']",,,,,,
NA1_5400328332,420,Ranked Solo/Duo,False,True,1692,1761430430585,"['15', '21']",,,,,,
NA1_5205532039,420,Ranked Solo/Duo,True,False,1718,1736733117690,"['15', '1']",,,,,,
NA1_5402948094,420,Ranked Solo/Duo,True,False,1151,1761779830437,"['15', '21']",,,,,,
NA1_5424299874,420,Ranked Solo/Duo,False,True,1565,1764449802773,"['15', '23']",,,,,,
NA1_5422858069,420,Ranked Solo/Duo,False,True,2161,1764268653653,"['15', '23']",,,,,,
NA1_5421262034,420,Ranked Solo/Duo,False,True,1687,1764053983530,"['15', '23']",,,,,,
NA1_5422121609,420,Ranked Solo/Duo,False,True,1639,1764180233679,"['15', '23']",,,,,,
NA1_5423735155,420,Ranked Solo/Duo,True,False,1143,1764379490774,"['15', '23']",,,,,,
NA1_5421028001,420,Ranked Solo/Duo,False,True,2049,1764038075432,"['15', '23']",,,,,,
NA1_5308883455,420,Ranked Solo/Duo,True,False,2191,1750143819449,"['15', '12']",,,,,,
NA1_5376025431,420,Ranked Solo/Duo,True,False,1917,1758837435266,"['15', '19']",,,,,,
NA1_5401441518,420,Ranked Solo/Duo,True,False,1568,1761546209168,"['15', '21']",,,,,,
NA1_5423571860,420,Ranked Solo/Duo,True,False,1307,1764362929256,"['15', '23']",,,,,,
NA1_5396873221,420,Ranked Solo/Duo,False,True,1861,1760941872514,"['15', '20']",,,,,,
NA1_5420917495,420,Ranked Solo/Duo,True,False,1309,1764030362125,"['15', '23']",,,,,,
NA1_5416407878,420,Ranked Solo/Duo,True,False,1719,1763516276671,"['15', '22']",,,,,,
NA1_5423311440,420,Ranked Solo/Duo,True,False,1241,1764311948029,"['15', '23']",,,,,,
NA1_5407294824,420,Ranked Solo/Duo,False,True,1925,1762385000077,"['15', '22']",,,,,,
NA1_5360222538,420,Ranked Solo/Duo,False,True,2443,1756740054749,"['15', '17']",,,,,,
NA1_5421595092,420,Ranked Solo/Duo,True,False,1730,1764115373076,"['15', '23']",,,,,,
NA1_5403233399,420,Ranked Solo/Duo,False,True,1633,1761802419206,"['15', '21']",,,,,,
NA1_5372499619,420,Ranked Solo/Duo,False,True,1609,1758459688896,"['15', '18']",,,,,,
NA1_5328902466,420,Ranked Solo/Duo,False,True,1713,1752988130482,"['15', '14']",,,,,,
NA1_5421127650,420,Ranked Solo/Duo,False,True,2327,1764044201777,"['15', '23']",,,,,,
NA1_5420333050,420,Ranked Solo/Duo,True,False,1740,1763952461065,"['15', '23']",,,,,,
NA1_5424333391,420,Ranked Solo/Duo,False,True,1529,1764453381610,"['15', '23']",,,,,,
NA1_5423618176,420,Ranked Solo/Duo,False,True,933,1764368344844,"['15', '23']",,,,,,
NA1_5419929334,420,Ranked Solo/Duo,False,True,913,1763920054704,"['15', '23']",,,,,,
NA1_5386765263,420,Ranked Solo/Duo,False,True,1601,1759718562118,"['15', '19']",,,,,,
NA1_5386330082,420,Ranked Solo/Duo,False,True,2308,1759687802764,"['15', '19']",,,,,,
NA1_5423661964,420,Ranked Solo/Duo,False,True,1976,1764372783364,"['15', '23']",,,,,,
NA1_5423069676,420,Ranked Solo/Duo,True,False,1625,1764294534186,"['15', '23']",,,,,,
NA1_5424206311,420,Ranked Solo/Duo,True,False,1680,1764438510165,"['15', '23']",,,,,,
NA1_5410550564,420,Ranked Solo/Duo,False,True,1434,1762791398402,"['15', '22']",,,,,,
NA1_5332990889,420,Ranked Solo/Duo,True,False,1759,1753579135393,"['15', '14']",,,,,,
NA1_5423239872,420,Ranked Solo/Duo,False,True,1423,1764306346540,"['15', '23']",,,,,,
NA1_5405934564,420,Ranked Solo/Duo,False,True,2053,1762194669030,"['15', '21']",,,,,,
NA1_5401894156,420,Ranked Solo/Duo,True,False,1796,1761618692080,"['15', '21']",,,,,,
NA1_5422503838,420,Ranked Solo/Duo,True,False,1451,1764216388048,"['15', '23']",,,,,,
NA1_5369360689,420,Ranked Solo/Duo,False,True,942,1757988071943,"['15', '18']",,,,,,
NA1_5216548331,420,Ranked Solo/Duo,False,True,1995,1738013211405,"['15', '2']",,,,,,
NA1_5406049113,420,Ranked Solo/Duo,True,False,932,1762210782269,"['15', '21']",,,,,,
NA1_5390453144,420,Ranked Solo/Duo,True,False,1840,1760150358065,"['15', '20']",,,,,,
NA1_5418168900,420,Ranked Solo/Duo,True,False,934,1763710868507,"['15', '23']",,,,,,
NA1_5411844104,420,Ranked Solo/Duo,False,True,1596,1762930290511,"['15', '22']",,,,,,
NA1_5424122209,420,Ranked Solo/Duo,True,False,1938,1764414657827,"['15', '23']",,,,,,
NA1_5421778483,420,Ranked Solo/Duo,False,True,1534,1764128175390,"['15', '23']",,,,,,
NA1_5424437541,420,Ranked Solo/Duo,False,True,1670,1764463101723,"['15', '23']",,,,,,
NA1_5359910397,420,Ranked Solo/Duo,True,False,1783,1756696350879,"['15', '17']",,,,,,
NA1_5343009102,420,Ranked Solo/Duo,False,True,1709,1754723506908,"['15', '15']",,,,,,
NA1_5415225582,420,Ranked Solo/Duo,False,True,1541,1763350645738,"['15', '22']",,,,,,
NA1_5408347910,420,Ranked Solo/Duo,False,True,1518,1762521621471,"['15', '22']",,,,,,
NA1_5412371717,420,Ranked Solo/Duo,False,True,1554,1763008462559,"['15', '22']",,,,,,
NA1_5411734468,420,Ranked Solo/Duo,True,False,1566,1762921953911,"['15', '22']",,,,,,
NA1_5424222836,420,Ranked Solo/Duo,True,False,1829,1764440551642,"['15', '23']",,,,,,
NA1_5424085234,420,Ranked Solo/Duo,False,True,2151,1764406293046,"['15', '23']",,,,,,
NA1_5422114427,420,Ranked Solo/Duo,True,False,1899,1764178912491,"['15', '23']",,,,,,
NA1_5420574120,420,Ranked Solo/Duo,False,True,1497,1763968668691,"['15', '23']",,,,,,
NA1_5372055842,420,Ranked Solo/Duo,False,True,1629,1758403174171,"['15', '18']",,,,,,
NA1_5291138281,420,Ranked Solo/Duo,True,False,1369,1747768667475,"['15', '10']",,,,,,
NA1_5393703305,420,Ranked Solo/Duo,True,False,1495,1760548626874,"['15', '20']",,,,,,
NA1_5392452719,420,Ranked Solo/Duo,False,True,1202,1760388212863,"['15', '20']",,,,,,
NA1_5358638217,420,Ranked Solo/Duo,False,True,1561,1756552511771,"['15', '17']",,,,,,
NA1_5421565324,420,Ranked Solo/Duo,False,True,1675,1764112606404,"['15', '23']",,,,,,
NA1_5422000267,420,Ranked Solo/Duo,False,True,1997,1764145615804,"['15', '23']",,,,,,
NA1_5420417622,420,Ranked Solo/Duo,False,True,1893,1763957094809,"['15', '23']",,,,,,
NA1_5403042894,420,Ranked Solo/Duo,True,False,1180,1761787772470,"['15', '21']",,,,,,
NA1_5392755303,420,Ranked Solo/Duo,False,True,1841,1760411878205,"['15', '20']",,,,,,
NA1_5396123432,420,Ranked Solo/Duo,True,False,1920,1760852913544,"['15', '20']",,,,,,
NA1_5412323746,420,Ranked Solo/Duo,True,False,1871,1763005218682,"['15', '22']",,,,,,
NA1_5406517544,420,Ranked Solo/Duo,False,True,1528,1762271681176,"['15', '21']",,,,,,
NA1_5419651205,420,Ranked Solo/Duo,False,True,1594,1763876004457,"['15', '23']",,,,,,
NA1_5411495175,420,Ranked Solo/Duo,True,False,1423,1762906094350,"['15', '22']",,,,,,
NA1_5317961845,420,Ranked Solo/Duo,True,False,1733,1751432684452,"['15', '13']",,,,,,
NA1_5397606174,420,Ranked Solo/Duo,True,False,1635,1761033930107,"['15', '20']",,,,,,
NA1_5313202994,420,Ranked Solo/Duo,True,False,1662,1750746482751,"['15', '12']",,,,,,
NA1_5230510227,420,Ranked Solo/Duo,True,False,1881,1739682257774,"['15', '3']",,,,,,
NA1_5303584309,420,Ranked Solo/Duo,True,False,2498,1749426735662,"['15', '11']",,,,,,
NA1_5414991577,420,Ranked Solo/Duo,False,True,1579,1763334511829,"['15', '22']",,,,,,
NA1_5403100843,420,Ranked Solo/Duo,False,True,2116,1761791827200,"['15', '21']",,,,,,
NA1_5420454375,420,Ranked Solo/Duo,True,False,1502,1763959341829,"['15', '23']",,,,,,
NA1_5406683410,420,Ranked Solo/Duo,True,False,1356,1762298594609,"['15', '21']",,,,,,
NA1_5362615671,420,Ranked Solo/Duo,False,True,1403,1757043894615,"['15', '17']",,,,,,
NA1_5419713997,420,Ranked Solo/Duo,True,False,2042,1763880158346,"['15', '23']",,,,,,
NA1_5272335695,420,Ranked Solo/Duo,False,True,1700,1745303357270,"['15', '8']",,,,,,
NA1_5414794389,420,Ranked Solo/Duo,True,False,1853,1763313510848,"['15', '22']",,,,,,
NA1_5314398503,420,Ranked Solo/Duo,False,True,1971,1750921119739,"['15', '13']",,,,,,
NA1_5347888504,420,Ranked Solo/Duo,False,True,1628,1755305943792,"['15', '16']",,,,,,
NA1_5318562742,420,Ranked Solo/Duo,True,False,1622,1751523353344,"['15', '13']",,,,,,
NA1_5202309720,420,Ranked Solo/Duo,True,False,1862,1736387589073,"['14', '24']",,,,,,
NA1_4995978241,420,Ranked Solo/Duo,False,True,2237,1715491191659,"['14', '9']",,,,,,
NA1_5321164343,420,Ranked Solo/Duo,False,True,918,1751914350803,"['15', '13']",,,,,,
NA1_5416446785,420,Ranked Solo/Duo,False,True,1632,1763518993171,"['15', '22']",,,,,,
NA1_5419366367,420,Ranked Solo/Duo,False,True,1444,1763859100105,"['15', '23']",,,,,,
NA1_5412123894,420,Ranked Solo/Duo,False,True,1879,1762990244016,"['15', '22']",,,,,,
NA1_5123860500,420,Ranked Solo/Duo,True,False,1900,1727685203917,"['14', '19']",,,,,,
NA1_5370207158,420,Ranked Solo/Duo,False,True,1785,1758125591156,"['15', '18']",,,,,,
NA1_5424160141,420,Ranked Solo/Duo,False,True,1610,1764428928023,"['15', '23']",,,,,,
NA1_5402777700,420,Ranked Solo/Duo,False,True,912,1761755087832,"['15', '21']",,,,,,
NA1_5405984217,420,Ranked Solo/Duo,False,True,2348,1762202502293,"['15', '21']",,,,,,
NA1_5216533268,420,Ranked Solo/Duo,False,True,1376,1738011452456,"['15', '2']",,,,,,
NA1_5423641248,420,Ranked Solo/Duo,False,True,1638,1764370817013,"['15', '23']",,,,,,
NA1_5423027702,420,Ranked Solo/Duo,False,True,1586,1764290528256,"['15', '23']",,,,,,
NA1_5392504657,420,Ranked Solo/Duo,True,False,1719,1760393211062,"['15', '20']",,,,,,
NA1_5421246492,420,Ranked Solo/Duo,False,True,1378,1764052591172,"['15', '23']",,,,,,
NA1_5424326081,420,Ranked Solo/Duo,False,True,1558,1764452617619,"['15', '23']",,,,,,
NA1_5310871596,420,Ranked Solo/Duo,False,True,1566,1750441219551,"['15', '12']",,,,,,
NA1_5424358195,420,Ranked Solo/Duo,False,True,1639,1764455705618,"['15', '23']",,,,,,
NA1_5408519958,420,Ranked Solo/Duo,True,False,1833,1762554064259,"['15', '22']",,,,,,
NA1_5423695543,420,Ranked Solo/Duo,True,False,2338,1764376236851,"['15', '23']",,,,,,
NA1_5296686432,420,Ranked Solo/Duo,False,True,1715,1748480035763,"['15', '10']",,,,,,
NA1_5333866887,420,Ranked Solo/Duo,True,False,1923,1753685413635,"['15', '14']",,,,,,
NA1_5421393917,420,Ranked Solo/Duo,True,False,1249,1764087706742,"['15', '23']",,,,,,
NA1_5409502339,420,Ranked Solo/Duo,True,False,1642,1762660504729,"['15', '22']",,,,,,
